Bakerloo,Baker Street,Regents Park
Bakerloo,Charing Cross,Embankment
Bakerloo,Edgware Road (Bakerloo),Marylebone
Bakerloo,Embankment,Waterloo
Bakerloo,Harlesden,Willesden Junction
Bakerloo,Harrow and Wealdstone,Kenton
Bakerloo,Kensal Green,Queens Park
Bakerloo,Kenton,South Kenton
Bakerloo,Kilburn Park,Maida Vale
Bakerloo,Lambeth North,Elephant and Castle
Bakerloo,Maida Vale,Warwick Avenue
Bakerloo,Marylebone,Baker Street
Bakerloo,North Wembley,Wembley Central
Bakerloo,Oxford Circus,Piccadilly Circus
Bakerloo,Paddington,Edgware Road (Bakerloo)
Bakerloo,Piccadilly Circus,Charing Cross
Bakerloo,Queens Park,Kilburn Park
Bakerloo,Regents Park,Oxford Circus
Bakerloo,South Kenton,North Wembley
Bakerloo,Stonebridge Park,Harlesden
Bakerloo,Warwick Avenue,Paddington
Bakerloo,Waterloo,Lambeth North
Bakerloo,Wembley Central,Stonebridge Park
Bakerloo,Willesden Junction,Kensal Green
Central,Bank,St. Pauls
Central,Barkingside,Fairlop
Central,Bethnal Green,Liverpool Street
Central,Bond Street,Marble Arch
Central,Buckhurst Hill,Woodford
Central,Chancery Lane,Holborn
Central,Chigwell,Roding Valley
Central,Debden,Loughton
Central,East Acton,North Acton
Central,Epping,Theydon Bois
Central,Fairlop,Hainault
Central,Gants Hill,Newbury Park
Central,Grange Hill,Chigwell
Central,Greenford,Northolt
Central,Hainault,Grange Hill
Central,Hanger Lane,Perivale
Central,Holborn,Tottenham Court Road
Central,Holland Park,Shepherds Bush
Central,Lancaster Gate,Queensway
Central,Leyton,Stratford
Central,Leytonstone,Leyton
Central,Leytonstone,Wanstead
Central,Liverpool Street,Bank
Central,Loughton,Buckhurst Hill
Central,Marble Arch,Lancaster Gate
Central,Mile End,Bethnal Green
Central,Newbury Park,Barkingside
Central,North Acton,Hanger Lane
Central,North Acton,West Acton
Central,Northolt,South Ruislip
Central,Notting Hill Gate,Holland Park
Central,Oxford Circus,Bond Street
Central,Perivale,Greenford
Central,Queensway,Notting Hill Gate
Central,Redbridge,Gants Hill
Central,Ruislip Gardens,West Ruislip
Central,Shepherds Bush,White City
Central,Snaresbrook,Leytonstone
Central,South Ruislip,Ruislip Gardens
Central,South Woodford,Snaresbrook
Central,St. Pauls,Chancery Lane
Central,Stratford,Mile End
Central,Theydon Bois,Debden
Central,Tottenham Court Road,Oxford Circus
Central,Wanstead,Redbridge
Central,West Acton,Ealing Broadway
Central,White City,East Acton
Central,Woodford,South Woodford
Circle,Aldgate,Tower Hill
Circle,Baker Street,Great Portland Street
Circle,Barbican,Moorgate
Circle,Bayswater,Paddington
Circle,Blackfriars,Temple
Circle,Cannon Street,Mansion House
Circle,Edgware Road (Circle/District/Hammersmith and City),Baker Street
Circle,Embankment,Westminster
Circle,Euston Square,Kings Cross St. Pancras
Circle,Farringdon,Barbican
Circle,Gloucester Road,High Street Kensington
Circle,Goldhawk Road,Shepherds Bush Market
Circle,Great Portland Street,Euston Square
Circle,Hammersmith (Met.),Goldhawk Road
Circle,High Street Kensington,Notting Hill Gate
Circle,Kings Cross St. Pancras,Farringdon
Circle,Ladbroke Grove,Westbourne Park
Circle,Latimer Road,Ladbroke Grove
Circle,Liverpool Street,Aldgate
Circle,Mansion House,Blackfriars
Circle,Monument,Cannon Street
Circle,Moorgate,Liverpool Street
Circle,Notting Hill Gate,Bayswater
Circle,Paddington,Edgware Road (Circle/District/Hammersmith and City)
Circle,Royal Oak,Paddington
Circle,Shepherds Bush Market,Wood Lane
Circle,Sloane Square,South Kensington
Circle,South Kensington,Gloucester Road
Circle,St. James's Park,Victoria
Circle,Temple,Embankment
Circle,Tower Hill,Monument
Circle,Victoria,Sloane Square
Circle,Westbourne Park,Royal Oak
Circle,Westminster,St. James's Park
Circle,Wood Lane,Latimer Road
District,Acton Town,Ealing Common
District,Aldgate East,Tower Hill
District,Barking,East Ham
District,Barons Court,Hammersmith (District)
District,Bayswater,Paddington
District,Becontree,Upney
District,Blackfriars,Temple
District,Bow Church,Stepney Green
District,Bow Road,Bow Church
District,Bromley-by-Bow,Bow Road
District,Cannon Street,Mansion House
District,Chiswick Park,Acton Town
District,Dagenham East,Dagenham Heathway
District,Dagenham Heathway,Becontree
District,Ealing Common,Ealing Broadway
District,Earls Court,High Street Kensington
District,Earls Court,Kensington (Olympia)
District,Earls Court,West Brompton
District,Earls Court,West Kensington
District,East Ham,Upton Park
District,East Putney,Southfields
District,Elm Park,Dagenham East
District,Embankment,Westminster
District,Fulham Broadway,Parsons Green
District,Gloucester Road,Earls Court
District,Gunnersbury,Kew Gardens
District,Hammersmith (District),Ravenscourt Park
District,High Street Kensington,Notting Hill Gate
District,Hornchurch,Elm Park
District,Kew Gardens,Richmond
District,Mansion House,Blackfriars
District,Monument,Cannon Street
District,Notting Hill Gate,Bayswater
District,Paddington,Edgware Road (Circle/District/Hammersmith and City)
District,Parsons Green,Putney Bridge
District,Plaistow,West Ham
District,Putney Bridge,East Putney
District,Ravenscourt Park,Stamford Brook
District,Sloane Square,South Kensington
District,South Kensington,Gloucester Road
District,Southfields,Wimbledon Park
District,St. James's Park,Victoria
District,Stamford Brook,Turnham Green
District,Stepney Green,Whitechapel
District,Temple,Embankment
District,Tower Hill,Monument
District,Turnham Green,Chiswick Park
District,Turnham Green,Gunnersbury
District,Upminster,Upminster Bridge
District,Upminster Bridge,Hornchurch
District,Upney,Barking
District,Upton Park,Plaistow
District,Victoria,Sloane Square
District,West Brompton,Fulham Broadway
District,West Ham,Bromley-by-Bow
District,West Kensington,Barons Court
District,Westminster,St. James's Park
District,Whitechapel,Aldgate East
District,Wimbledon Park,Wimbledon
Hammersmith and City,Aldgate East,Whitechapel
Hammersmith and City,Baker Street,Great Portland Street
Hammersmith and City,Barbican,Moorgate
Hammersmith and City,Bow Road,Bromley-by-Bow
Hammersmith and City,Bromley-by-Bow,West Ham
Hammersmith and City,East Ham,Barking
Hammersmith and City,Edgware Road (Circle/District/Hammersmith and City),Baker Street
Hammersmith and City,Euston Square,Kings Cross St. Pancras
Hammersmith and City,Farringdon,Barbican
Hammersmith and City,Goldhawk Road,Shepherds Bush Market
Hammersmith and City,Great Portland Street,Euston Square
Hammersmith and City,Hammersmith (Met.),Goldhawk Road
Hammersmith and City,Kings Cross St. Pancras,Farringdon
Hammersmith and City,Ladbroke Grove,Westbourne Park
Hammersmith and City,Latimer Road,Ladbroke Grove
Hammersmith and City,Liverpool Street,Aldgate East
Hammersmith and City,Mile End,Bow Road
Hammersmith and City,Moorgate,Liverpool Street
Hammersmith and City,Paddington,Edgware Road (Circle/District/Hammersmith and City)
Hammersmith and City,Plaistow,Upton Park
Hammersmith and City,Royal Oak,Paddington
Hammersmith and City,Shepherds Bush Market,Wood Lane
Hammersmith and City,Stepney Green,Mile End
Hammersmith and City,Upton Park,East Ham
Hammersmith and City,West Ham,Plaistow
Hammersmith and City,Westbourne Park,Royal Oak
Hammersmith and City,Whitechapel,Stepney Green
Hammersmith and City,Wood Lane,Latimer Road
Jubilee,Baker Street,Bond Street
Jubilee,Bermondsey,Canada Water
Jubilee,Bond Street,Green Park
Jubilee,Canada Water,Canary Wharf
Jubilee,Canary Wharf,North Greenwich
Jubilee,Canning Town,West Ham
Jubilee,Canons Park,Queensbury
Jubilee,Dollis Hill,Willesden Green
Jubilee,Finchley Road,Swiss Cottage
Jubilee,Green Park,Westminster
Jubilee,Kilburn,West Hampstead
Jubilee,Kingsbury,Wembley Park
Jubilee,London Bridge,Bermondsey
Jubilee,Neasden,Dollis Hill
Jubilee,North Greenwich,Canning Town
Jubilee,Queensbury,Kingsbury
Jubilee,Southwark,London Bridge
Jubilee,St. Johns Wood,Baker Street
Jubilee,Stanmore,Canons Park
Jubilee,Swiss Cottage,St. Johns Wood
Jubilee,Waterloo,Southwark
Jubilee,Wembley Park,Neasden
Jubilee,West Ham,Stratford
Jubilee,West Hampstead,Finchley Road
Jubilee,Westminster,Waterloo
Jubilee,Willesden Green,Kilburn
Metropolitan,Aldgate,Liverpool Street
Metropolitan,Baker Street,Finchley Road
Metropolitan,Barbican,Farringdon
Metropolitan,Chalfont and Latimer,Amersham
Metropolitan,Chalfont and Latimer,Chesham
Metropolitan,Chorleywood,Chalfont and Latimer
Metropolitan,Croxley,Watford
Metropolitan,Eastcote,Ruislip Manor
Metropolitan,Euston Square,Great Portland Street
Metropolitan,Farringdon,Kings Cross St. Pancras
Metropolitan,Finchley Road,Wembley Park
Metropolitan,Great Portland Street,Baker Street
Metropolitan,Harrow-on-the-Hill,North Harrow
Metropolitan,Harrow-on-the-Hill,West Harrow
Metropolitan,Hillingdon,Uxbridge
Metropolitan,Ickenham,Hillingdon
Metropolitan,Kings Cross St. Pancras,Euston Square
Metropolitan,Liverpool Street,Moorgate
Metropolitan,Moor Park,Croxley
Metropolitan,Moor Park,Rickmansworth
Metropolitan,Moorgate,Barbican
Metropolitan,North Harrow,Pinner
Metropolitan,Northwick Park,Harrow-on-the-Hill
Metropolitan,Northwood,Moor Park
Metropolitan,Northwood Hills,Northwood
Metropolitan,Pinner,Northwood Hills
Metropolitan,Preston Road,Northwick Park
Metropolitan,Rickmansworth,Chorleywood
Metropolitan,Ruislip,Ickenham
Metropolitan,Ruislip Manor,Ruislip
Metropolitan,Wembley Park,Preston Road
Metropolitan,West Harrow,Eastcote
Northern,Angel,Kings Cross St. Pancras
Northern,Archway,Highgate
Northern,Balham,Clapham South
Northern,Bank,Moorgate
Northern,Belsize Park,Hampstead
Northern,Borough,London Bridge
Northern,Brent Cross,Hendon Central
Northern,Burnt Oak,Edgware
Northern,Camden Town,Chalk Farm
Northern,Camden Town,Kentish Town
Northern,Chalk Farm,Belsize Park
Northern,Charing Cross,Leicester Square
Northern,Clapham Common,Clapham North
Northern,Clapham North,Stockwell
Northern,Clapham South,Clapham Common
Northern,Colindale,Burnt Oak
Northern,Colliers Wood,Tooting Broadway
Northern,East Finchley,Finchley Central
Northern,East Finchley,Mill Hill East
Northern,Elephant and Castle,Borough
Northern,Embankment,Charing Cross
Northern,Euston,Camden Town
Northern,Euston,Mornington Crescent
Northern,Finchley Central,West Finchley
Northern,Golders Green,Brent Cross
Northern,Goodge Street,Warren Street
Northern,Hampstead,Golders Green
Northern,Hendon Central,Colindale
Northern,Highgate,East Finchley
Northern,Kennington,Elephant and Castle
Northern,Kennington,Nine Elms
Northern,Kennington,Waterloo
Northern,Kentish Town,Tufnell Park
Northern,Kings Cross St. Pancras,Euston
Northern,Leicester Square,Tottenham Court Road
Northern,London Bridge,Bank
Northern,Moorgate,Old Street
Northern,Morden,South Wimbledon
Northern,Mornington Crescent,Camden Town
Northern,Nine Elms,Battersea Power Station
Northern,Old Street,Angel
Northern,Oval,Kennington
Northern,South Wimbledon,Colliers Wood
Northern,Stockwell,Oval
Northern,Tooting Bec,Balham
Northern,Tooting Broadway,Tooting Bec
Northern,Tottenham Court Road,Goodge Street
Northern,Totteridge and Whetstone,High Barnet
Northern,Tufnell Park,Archway
Northern,Warren Street,Euston
Northern,Waterloo,Embankment
Northern,West Finchley,Woodside Park
Northern,Woodside Park,Totteridge and Whetstone
Piccadilly,Acton Town,Ealing Common
Piccadilly,Acton Town,South Ealing
Piccadilly,Alperton,Sudbury Town
Piccadilly,Arnos Grove,Bounds Green
Piccadilly,Arsenal,Holloway Road
Piccadilly,Barons Court,Hammersmith (District)
Piccadilly,Boston Manor,Osterley
Piccadilly,Bounds Green,Wood Green
Piccadilly,Caledonian Road,Kings Cross St. Pancras
Piccadilly,Cockfosters,Oakwood
Piccadilly,Covent Garden,Leicester Square
Piccadilly,Ealing Common,North Ealing
Piccadilly,Earls Court,Barons Court
Piccadilly,Eastcote,Ruislip Manor
Piccadilly,Finsbury Park,Arsenal
Piccadilly,Gloucester Road,Earls Court
Piccadilly,Green Park,Hyde Park Corner
Piccadilly,Hammersmith (District),Turnham Green
Piccadilly,Hatton Cross,Heathrow Terminal 4
Piccadilly,Hatton Cross,Heathrow Terminals 1 2 3
Piccadilly,Heathrow Terminals 1 2 3,Heathrow Terminal 4
Piccadilly,Heathrow Terminals 1 2 3,Heathrow Terminal 5
Piccadilly,Hillingdon,Uxbridge
Piccadilly,Holborn,Covent Garden
Piccadilly,Holloway Road,Caledonian Road
Piccadilly,Hounslow Central,Hounslow West
Piccadilly,Hounslow East,Hounslow Central
Piccadilly,Hounslow West,Hatton Cross
Piccadilly,Hyde Park Corner,Knightsbridge
Piccadilly,Ickenham,Hillingdon
Piccadilly,Kings Cross St. Pancras,Russell Square
Piccadilly,Knightsbridge,South Kensington
Piccadilly,Leicester Square,Piccadilly Circus
Piccadilly,Manor House,Finsbury Park
Piccadilly,North Ealing,Park Royal
Piccadilly,Northfields,Boston Manor
Piccadilly,Oakwood,Southgate
Piccadilly,Osterley,Hounslow East
Piccadilly,Park Royal,Alperton
Piccadilly,Piccadilly Circus,Green Park
Piccadilly,Rayners Lane,Eastcote
Piccadilly,Ruislip,Ickenham
Piccadilly,Ruislip Manor,Ruislip
Piccadilly,Russell Square,Holborn
Piccadilly,South Ealing,Northfields
Piccadilly,South Harrow,Rayners Lane
Piccadilly,South Harrow,Sudbury Hill
Piccadilly,South Kensington,Gloucester Road
Piccadilly,Southgate,Arnos Grove
Piccadilly,Sudbury Town,Sudbury Hill
Piccadilly,Turnham Green,Acton Town
Piccadilly,Turnpike Lane,Manor House
Piccadilly,Wood Green,Turnpike Lane
Victoria,Blackhorse Road,Tottenham Hale
Victoria,Euston,Warren Street
Victoria,Finsbury Park,Highbury and Islington
Victoria,Green Park,Victoria
Victoria,Highbury and Islington,Kings Cross St. Pancras
Victoria,Kings Cross St. Pancras,Euston
Victoria,Oxford Circus,Green Park
Victoria,Pimlico,Vauxhall
Victoria,Seven Sisters,Finsbury Park
Victoria,Stockwell,Brixton
Victoria,Tottenham Hale,Seven Sisters
Victoria,Vauxhall,Stockwell
Victoria,Victoria,Pimlico
Victoria,Walthamstow Central,Blackhorse Road
Victoria,Warren Street,Oxford Circus
